City_ID,City,Country,Date,Lat,Lng,Max Temp,Humidity,Cloudiness,Wind Speed
0,Nova Sintra,CV,2023-07-28 21:20:09,14.8667,-24.7167,72.99,79,28,22.32
1,Edinburgh Of The Seven Seas,SH,2023-07-28 21:29:06,-37.0676,-12.3116,56.71,81,100,30.78
2,Waitangi,NZ,2023-07-28 21:29:07,-43.9535,-176.5597,50.83,95,86,8.01
3,Whitehorse,CA,2023-07-28 21:24:12,60.7161,-135.0538,77.77,38,20,6.91
4,Banyuls De La Marenda,FR,2023-07-28 21:29:07,42.4837,3.129,78.03,82,13,4.99
5,Chemax,MX,2023-07-28 21:29:07,20.65,-87.9333,93.02,49,88,3.22
6,Invercargill,NZ,2023-07-28 21:24:17,-46.4,168.35,46.02,84,100,1.99
7,Port Mathurin,MU,2023-07-28 21:29:08,-19.6833,63.4167,73.47,80,8,13.04
8,Penedo,BR,2023-07-28 21:29:08,-10.2903,-36.5864,71.78,83,9,5.41
9,Bethel,US,2023-07-28 21:29:08,41.3712,-73.414,93.02,60,20,8.05
10,Tiksi,RU,2023-07-28 21:29:08,71.6872,128.8694,43.0,70,23,4.63
11,Margaret River,AU,2023-07-28 21:29:08,-33.95,115.0667,58.28,76,94,17.76
12,Kodiak,US,2023-07-28 21:29:08,57.79,-152.4072,58.51,82,75,11.5
13,Badger,US,2023-07-28 21:29:09,64.8,-147.5333,77.99,56,75,3.44
14,Suzhou,CN,2023-07-28 21:29:09,31.3114,120.6181,78.91,93,100,19.3
15,Somerset,US,2023-07-28 21:27:03,40.5668,-74.5496,96.15,53,0,4.0
16,Monte Azul,BR,2023-07-28 21:29:09,-15.155,-42.8747,75.61,54,96,2.28
17,Amga,RU,2023-07-28 21:29:09,60.8953,131.9608,60.01,62,49,1.36
18,Albany,US,2023-07-28 21:25:26,42.6001,-73.9662,91.67,60,13,1.99
19,Ushuaia,AR,2023-07-28 21:26:26,-54.8,-68.3,40.66,70,40,10.36
20,Port-Aux-Francais,TF,2023-07-28 21:29:10,-49.35,70.2167,39.58,74,100,25.7
21,Longyearbyen,SJ,2023-07-28 21:29:10,78.2186,15.6401,46.24,81,75,5.75
22,Kilimatinde,TZ,2023-07-28 21:29:10,-5.85,34.95,65.23,64,14,4.16
23,Fort Bragg,US,2023-07-28 21:29:10,35.139,-79.006,95.58,64,75,10.36
24,Piedras Blancas,AR,2023-07-28 21:29:11,-31.1862,-59.9596,56.48,51,0,6.22
25,Nema,RU,2023-07-28 21:29:11,57.5067,50.5011,66.16,84,100,2.95
26,Wailua Homesteads,US,2023-07-28 21:29:11,22.0669,-159.378,84.99,71,33,17.27
27,Anadyr,RU,2023-07-28 21:29:11,64.75,177.4833,54.1,81,40,11.18
28,Tsiombe,MG,2023-07-28 21:29:11,-25.3,45.4833,63.32,92,0,5.03
29,Port Elizabeth,ZA,2023-07-28 21:25:25,-33.918,25.5701,61.09,88,75,13.8
30,Morehead City,US,2023-07-28 21:29:12,34.7229,-76.726,87.04,83,20,12.66
31,Grytviken,GS,2023-07-28 21:29:12,-54.2811,-36.5092,29.91,89,59,10.83
32,Papatowai,NZ,2023-07-28 21:29:12,-46.5619,169.4708,45.05,69,100,5.44
33,Ust-Nera,RU,2023-07-28 21:29:12,64.5667,143.2,57.7,43,44,4.07
34,Okhotsk,RU,2023-07-28 21:29:12,59.3833,143.3,56.39,95,100,6.13
35,Hawaiian Paradise Park,US,2023-07-28 21:29:14,19.5933,-154.9731,81.91,74,100,4.61
36,Yellowknife,CA,2023-07-28 21:28:57,62.456,-114.3525,72.12,60,100,8.05
37,Qaqortoq,GL,2023-07-28 21:29:14,60.7167,-46.0333,47.41,70,100,6.96
38,Luganville,VU,2023-07-28 21:29:14,-15.5333,167.1667,73.49,75,98,11.52
39,Puerto Natales,CL,2023-07-28 21:29:14,-51.7236,-72.4875,35.78,96,97,2.26
40,College,US,2023-07-28 21:25:47,64.8569,-147.8028,78.08,58,75,3.44
41,Qarqaraly,KZ,2023-07-28 21:29:15,49.4058,75.4742,61.9,56,34,5.46
42,Constantia,RO,2023-07-28 21:29:15,44.1833,28.65,65.08,65,0,16.02
43,Suva,FJ,2023-07-28 21:29:15,-18.1416,178.4415,72.88,73,75,4.61
44,Joshimath,IN,2023-07-28 21:29:15,30.5667,79.5667,68.95,89,85,1.52
45,Bodo,NO,2023-07-28 21:29:16,67.28,14.405,58.77,89,75,4.61
46,Amos,CA,2023-07-28 21:30:18,48.5669,-78.1162,63.05,62,77,10.8
47,Adamstown,PN,2023-07-28 21:30:20,-25.066,-130.1015,67.23,71,23,23.89
48,Ouarzazat,MA,2023-07-28 21:30:21,30.9189,-6.8934,97.09,7,0,10.36
49,Ilulissat,GL,2023-07-28 21:22:40,69.2167,-51.1,42.82,93,75,4.61
50,Hultsfred,SE,2023-07-28 21:30:21,57.4882,15.8436,53.26,84,2,4.85
51,Puerto Baquerizo Moreno,EC,2023-07-28 21:30:21,-0.9,-89.6,77.99,73,100,2.3
52,Portland,US,2023-07-28 21:26:46,45.5234,-122.6762,84.63,48,0,5.01
53,Lihue,US,2023-07-28 21:30:22,21.9789,-159.3672,85.59,63,26,17.27
54,Kyzyl-Mazhalyk,RU,2023-07-28 21:30:22,51.1333,90.6,59.94,94,91,2.57
55,Luderitz,NA,2023-07-28 21:30:22,-26.6481,15.1594,53.44,95,100,7.76
56,Gamba,GA,2023-07-28 21:30:22,-2.65,10.0,69.39,92,44,6.08
57,Iwanai,JP,2023-07-28 21:30:23,42.9744,140.5089,78.96,79,97,4.74
58,Cabo San Lucas,MX,2023-07-28 21:22:46,22.8909,-109.9124,92.61,55,40,18.41
59,Blackmans Bay,AU,2023-07-28 21:30:23,-43.0167,147.3167,54.73,68,100,6.78
60,Stanley,GB,2023-07-28 21:30:24,54.868,-1.6985,62.19,77,0,6.91
61,Burnie,AU,2023-07-28 21:28:36,-41.0667,145.9167,53.46,92,98,11.18
62,Iqaluit,CA,2023-07-28 21:30:24,63.7506,-68.5145,51.53,66,75,4.61
63,Avarua,CK,2023-07-28 21:27:38,-21.2078,-159.775,77.05,78,75,4.61
64,Yarmouth,US,2023-07-28 21:30:24,41.7057,-70.2286,86.09,71,0,14.97
65,Ribeira Grande,PT,2023-07-28 21:30:25,38.5167,-28.7,75.78,88,26,1.01
66,Guatrache,AR,2023-07-28 21:30:25,-37.6678,-63.5302,49.68,59,100,11.1
67,Tirumakudal Narsipur,IN,2023-07-28 21:29:37,12.21,76.9064,70.18,86,88,10.02
68,Mahibadhoo,MV,2023-07-28 21:30:26,3.7833,72.9667,81.57,77,90,6.78
69,Colonia,DE,2023-07-28 21:29:08,50.9333,6.95,68.58,82,75,8.05
70,Yung Shue Wan,HK,2023-07-28 21:30:26,22.2333,114.1167,88.57,88,31,13.91
71,Kallakkurichchi,IN,2023-07-28 21:30:26,11.7333,78.9667,82.92,60,98,5.17
72,Puryong,KP,2023-07-28 21:30:26,42.0606,129.7117,78.1,79,79,3.06
73,Petropavlovsk-Kamchatsky,RU,2023-07-28 21:30:27,53.0452,158.6483,57.79,94,75,6.71
74,Severo-Yeniseyskiy,RU,2023-07-28 21:30:27,60.3725,93.0408,57.97,86,87,1.54
75,Ormara,PK,2023-07-28 21:30:27,25.2088,64.6357,82.22,84,100,15.05
76,Labrador City,CA,2023-07-28 21:30:27,52.9463,-66.9114,60.71,63,75,3.44
77,Taro,ID,2023-07-28 21:30:28,-8.3862,115.28,69.85,95,97,1.95
78,Kayangel,PW,2023-07-28 21:30:28,8.0823,134.7173,82.63,76,100,23.87
79,Port Lincoln,AU,2023-07-28 21:30:28,-34.7333,135.8667,53.92,85,0,13.73
80,Vilyuchinsk,RU,2023-07-28 21:30:28,52.9306,158.4028,59.27,81,72,2.01
81,East London,ZA,2023-07-28 21:30:28,-33.0153,27.9116,72.97,38,77,8.55
82,Laojunmiao,CN,2023-07-28 21:30:28,39.8333,97.7333,70.36,33,10,6.31
83,Tolanaro,MG,2023-07-28 21:30:29,-25.0319,46.9987,69.87,68,20,18.41
84,Luwingu,ZM,2023-07-28 21:30:29,-10.2621,29.9271,57.0,49,0,1.45
85,Wenchang,CN,2023-07-28 21:30:29,30.904,118.4887,77.31,92,100,12.97
86,Rong'An,CN,2023-07-28 21:30:30,26.1247,119.1214,77.34,99,100,0.25
87,Lebu,CL,2023-07-28 21:30:30,-37.6167,-73.65,54.18,87,100,3.58
88,Klyuchi,RU,2023-07-28 21:30:30,52.2667,79.1667,63.34,74,95,5.28
89,Mejit,MH,2023-07-28 21:30:30,10.2753,170.8646,82.94,80,100,20.87
90,Puerto Escondido,MX,2023-07-28 21:30:30,15.85,-97.0667,90.43,62,20,5.75
91,La'Ie,US,2023-07-28 21:30:30,21.6477,-157.9253,89.56,62,33,18.03
92,Yuzhno-Kurilsk,RU,2023-07-28 21:30:31,44.0306,145.8556,66.9,88,100,4.74
93,San Francisco Ixhuatan,MX,2023-07-28 21:30:31,16.3569,-94.4825,95.34,47,34,9.93
94,Grand Falls-Windsor,CA,2023-07-28 21:31:31,48.9332,-55.6649,74.5,48,14,1.01
95,Port Alfred,ZA,2023-07-28 21:31:31,-33.5906,26.891,61.18,82,79,5.99
96,Pico Truncado,AR,2023-07-28 21:31:32,-46.7949,-67.9573,51.26,66,100,23.89
97,Tazovsky,RU,2023-07-28 21:22:45,67.4667,78.7,57.81,92,79,3.85
98,Santiago De Cao,PE,2023-07-28 21:31:32,-7.9589,-79.2392,73.53,78,76,12.66
99,Bilibino,RU,2023-07-28 21:31:32,68.0546,166.4372,50.38,82,100,4.47
100,Malango,ID,2023-07-28 21:31:32,-2.9627,119.9001,62.94,96,100,1.92
101,Kavieng,PG,2023-07-28 21:31:32,-2.5744,150.7967,82.24,77,16,7.54
102,Woolgoolga,AU,2023-07-28 21:31:33,-30.1106,153.2007,44.47,58,5,3.53
103,Olonkinbyen,SJ,2023-07-28 21:31:33,70.9221,-8.7187,42.76,83,99,7.11
104,As Sulayyil,SA,2023-07-28 21:31:33,20.4607,45.5779,95.25,13,93,6.26
105,Pangody,RU,2023-07-28 21:31:34,65.85,74.4859,65.52,78,67,0.2
106,Paramonga,PE,2023-07-28 21:31:34,-10.6667,-77.8333,70.16,76,55,11.77
107,Gidam,IN,2023-07-28 21:31:35,18.9833,81.4,75.74,97,100,5.66
108,Uzhur,RU,2023-07-28 21:31:35,55.3036,89.8339,60.26,91,100,4.16
109,Thompson,CA,2023-07-28 21:31:35,55.7435,-97.8558,68.16,56,75,18.41
110,Mangere,NZ,2023-07-28 21:31:36,-36.9681,174.7988,53.92,76,75,0.0
111,Yamada,JP,2023-07-28 21:22:38,39.4667,141.95,76.12,79,1,2.98
112,Ola,RU,2023-07-28 21:31:36,59.5833,151.2833,57.6,62,90,2.35
113,Darovskoy,RU,2023-07-28 21:31:36,58.77,47.9564,63.18,94,73,5.48
114,Arkhangel'Sk,RU,2023-07-28 21:31:36,64.5401,40.5433,60.85,89,100,11.39
115,Huarmey,PE,2023-07-28 21:31:37,-10.0681,-78.1522,72.73,73,55,10.8
116,Ilha De Mocambique,MZ,2023-07-28 21:31:37,-15.0342,40.7358,75.6,70,3,9.06
117,Dehdasht,IR,2023-07-28 21:31:37,30.7949,50.5646,83.52,16,0,2.84
118,Igarka,RU,2023-07-28 21:31:37,67.4667,86.5833,60.94,99,47,10.45
119,Susuman,RU,2023-07-28 21:31:37,62.7833,148.1667,54.68,54,9,1.19
120,Praia Da Vitoria,PT,2023-07-28 21:31:38,38.7333,-27.0667,75.45,88,75,14.79
121,Izazi,TZ,2023-07-28 21:31:38,-7.2,35.7333,67.44,64,0,3.94
122,Nar'Yan-Mar,RU,2023-07-28 21:31:38,67.6713,53.087,51.31,92,19,3.69
123,Tazacorte,ES,2023-07-28 21:31:38,28.629,-17.9293,74.37,83,0,18.41
124,Happy Valley-Goose Bay,CA,2023-07-28 21:22:40,53.3168,-60.3315,70.11,43,75,13.8
125,Glace Bay,CA,2023-07-28 21:31:39,46.1969,-59.957,79.25,57,20,9.22
126,Loukhi,RU,2023-07-28 21:31:39,66.0764,33.0381,57.15,76,100,9.64
127,Hithadhoo,MV,2023-07-28 21:21:18,-0.6,73.0833,81.64,75,100,7.83
128,Aykhal,RU,2023-07-28 21:31:39,66.0,111.5,65.79,46,91,2.08
129,Grand Baie,MU,2023-07-28 21:31:40,-20.0182,57.5802,72.07,75,31,1.01
130,Tura,IN,2023-07-28 21:31:40,25.5198,90.2201,74.53,98,98,5.99
131,Caluula,SO,2023-07-28 21:31:40,11.9661,50.7569,84.76,76,24,3.76
132,Nemuro,JP,2023-07-28 21:31:40,43.3236,145.575,63.46,94,97,3.83
133,Saint-Francois,FR,2023-07-28 21:31:40,46.4154,3.9054,67.44,73,0,3.44
134,El Calafate,AR,2023-07-28 21:31:41,-50.3408,-72.2768,36.09,94,85,2.53
135,Isafjordur,IS,2023-07-28 21:31:41,66.0755,-23.124,44.56,93,100,8.5
136,Vila Velha,BR,2023-07-28 21:31:41,-20.3297,-40.2925,73.35,85,0,5.75
137,Souillac,MU,2023-07-28 21:31:41,-20.5167,57.5167,71.98,78,40,4.61
138,Nova Xavantina,BR,2023-07-28 21:31:41,-14.6667,-52.35,80.74,28,86,3.38
139,Rongelap,MH,2023-07-28 21:31:42,11.1635,166.8941,83.25,81,78,22.15
140,Encarnacion De Diaz,MX,2023-07-28 21:31:42,21.5167,-102.2333,78.39,33,97,10.27
141,Ketchikan,US,2023-07-28 21:31:42,55.3422,-131.6461,72.07,68,0,9.22
142,Remire-Montjoly,GF,2023-07-28 21:31:42,4.9167,-52.2667,86.04,74,75,9.22
143,Koniecpol,PL,2023-07-28 21:31:42,50.7747,19.689,64.29,93,1,7.25
144,Den Burg,NL,2023-07-28 21:32:42,53.0542,4.7972,66.0,89,75,9.22
145,Reggane,DZ,2023-07-28 21:32:43,26.7158,0.1714,103.37,7,8,8.9
146,Guerrero Negro,MX,2023-07-28 21:32:04,27.9769,-114.0611,83.88,45,25,13.27
147,Vadso,NO,2023-07-28 21:32:43,70.0744,29.7487,51.96,93,20,3.44
148,Nadym,RU,2023-07-28 21:32:44,65.5333,72.5167,62.42,87,93,5.53
149,Hermanus,ZA,2023-07-28 21:32:44,-34.4187,19.2345,50.81,93,100,25.3
150,Timimoun,DZ,2023-07-28 21:32:45,29.2639,0.231,106.18,9,37,6.91
151,Hadibu,YE,2023-07-28 21:32:46,12.65,54.0333,78.06,78,60,27.47
152,Pisco,PE,2023-07-28 21:32:46,-13.7,-76.2167,69.85,78,0,8.05
153,Ishqoshim,TJ,2023-07-28 21:32:46,36.7248,71.6133,59.72,58,69,4.61
154,Saipan,MP,2023-07-28 21:32:16,15.1355,145.701,81.64,100,40,6.91
155,Shakawe,BW,2023-07-28 21:32:47,-18.3667,21.85,63.0,33,6,6.51
156,An Nuhud,SD,2023-07-28 21:32:47,12.7,28.4333,88.47,44,100,9.66
157,Port Shepstone,ZA,2023-07-28 21:32:47,-30.7414,30.455,68.58,56,83,8.77
158,Uturoa,PF,2023-07-28 21:32:47,-16.7333,-151.4333,79.56,78,8,10.71
159,Salto Del Guaira,PY,2023-07-28 21:32:48,-24.0625,-54.3069,66.56,88,64,5.1
160,Pankrushikha,RU,2023-07-28 21:32:48,53.8319,80.3406,59.61,85,36,2.19
161,Talnakh,RU,2023-07-28 21:32:48,69.4865,88.3972,65.21,66,85,5.41
162,Tralee,IE,2023-07-28 21:31:51,52.2704,-9.7026,54.48,92,65,9.91
163,Kavaratti,IN,2023-07-28 21:32:49,10.5669,72.642,82.71,76,9,15.37
164,Mawlaik,MM,2023-07-28 21:32:49,23.6333,94.4167,77.27,99,100,1.19
165,Punta Arenas,CL,2023-07-28 21:30:10,-53.15,-70.9167,34.2,90,98,8.97
166,Dunedin,NZ,2023-07-28 21:29:58,-45.8742,170.5036,45.81,73,100,4.36
167,Shar,KZ,2023-07-28 21:32:49,49.5886,81.0453,62.31,81,99,5.12
168,Pointe-Du-Lac,CA,2023-07-28 21:32:49,46.2869,-72.6845,80.58,80,20,21.85
169,Hami,CN,2023-07-28 21:32:50,42.8,93.45,84.72,22,48,15.57
170,Vanimo,PG,2023-07-28 21:32:50,-2.6741,141.3028,77.63,87,100,4.7
171,Pombas,CV,2023-07-28 21:32:50,17.1503,-25.0201,78.58,80,57,13.31
172,Papayal,PE,2023-07-28 21:32:50,-4.0761,-80.7361,82.62,53,62,5.46
173,Villa Bruzual,VE,2023-07-28 21:32:50,9.3328,-69.1208,80.31,93,71,1.41
174,Kangding,CN,2023-07-28 21:32:50,30.0513,101.9603,57.42,97,98,0.27
175,Abingdon,GB,2023-07-28 21:32:51,51.6711,-1.2828,64.67,84,100,11.5
176,Fort Mcmurray,CA,2023-07-28 21:30:39,56.7268,-111.381,69.39,52,40,8.05
177,Kachkanar,RU,2023-07-28 21:32:51,58.7,59.4948,54.75,97,32,3.65
178,Chilaw,LK,2023-07-28 21:32:51,7.5758,79.7953,82.42,85,63,20.76
179,Puerto Ayora,EC,2023-07-28 21:32:51,-0.7393,-90.3518,82.36,92,84,5.01
180,Haiku-Pauwela,US,2023-07-28 21:32:52,20.9219,-156.3051,84.25,58,20,18.41
181,Kristiansund,NO,2023-07-28 21:32:52,63.1115,7.732,59.05,88,75,9.22
182,Ampanihy,MG,2023-07-28 21:32:52,-24.7,44.75,59.72,87,0,3.13
183,Mar Del Plata,AR,2023-07-28 21:32:52,-38.0023,-57.5575,47.95,80,20,6.91
184,Taltal,CL,2023-07-28 21:32:52,-25.4,-70.4833,62.98,76,24,3.62
185,Calvi,FR,2023-07-28 21:32:53,42.5,8.8333,68.63,73,0,3.44
186,Mount Isa,AU,2023-07-28 21:32:53,-20.7333,139.5,55.17,88,8,0.0
187,Sao Jose Da Coroa Grande,BR,2023-07-28 21:32:53,-8.8978,-35.1478,74.84,79,10,8.25
188,Kill Devil Hills,US,2023-07-28 21:32:53,36.0307,-75.676,91.42,64,0,13.8
189,Yantarnyy,RU,2023-07-28 21:32:53,54.8717,19.9381,57.74,81,8,6.76
190,North Platte,US,2023-07-28 21:32:53,41.1239,-100.7654,97.12,32,0,11.5
191,Bredasdorp,ZA,2023-07-28 21:32:54,-34.5322,20.0403,51.01,86,54,15.03
192,Port Saint John'S,ZA,2023-07-28 21:32:54,-31.6229,29.5448,71.74,47,77,9.4
193,Camrose,CA,2023-07-28 21:33:54,53.0168,-112.8353,65.91,52,95,5.79
194,Nagqu,CN,2023-07-28 21:33:54,31.5,92.0,35.78,85,37,2.53
195,Malmesbury,ZA,2023-07-28 21:33:54,-33.4608,18.7271,49.77,95,100,11.34
196,Cidreira,BR,2023-07-28 21:33:54,-30.1811,-50.2056,53.94,73,47,12.73
197,Pacocha,PE,2023-07-28 21:33:55,-17.5833,-71.3333,68.14,73,0,10.36
198,Salekhard,RU,2023-07-28 21:33:56,66.53,66.6019,59.59,90,70,4.72
199,Morant Bay,JM,2023-07-28 21:33:56,17.8815,-76.4093,92.71,76,84,11.5
200,Waingapu,ID,2023-07-28 21:33:56,-9.6567,120.2641,71.33,86,11,9.26
201,Georgetown,MY,2023-07-28 21:32:09,5.4112,100.3354,82.94,89,20,3.44
202,Ceres,US,2023-07-28 21:30:47,37.5949,-120.9577,100.8,23,0,6.91
203,Howard Springs,AU,2023-07-28 21:33:57,-12.497,131.047,71.51,89,7,4.54
204,Enewetak,MH,2023-07-28 21:33:57,11.3474,162.3373,83.12,81,97,19.24
205,Akureyri,IS,2023-07-28 21:33:57,65.6835,-18.0878,48.13,87,75,11.5
206,Macae,BR,2023-07-28 21:33:57,-22.3708,-41.7869,76.75,85,0,12.66
207,Hamilton,US,2023-07-28 21:30:48,39.1834,-84.5333,95.22,67,0,11.5
208,Sao Joao Da Barra,BR,2023-07-28 21:33:57,-21.6403,-41.0511,73.49,80,62,14.92
209,Minas De Marcona,PE,2023-07-28 21:33:58,-15.2119,-75.1103,62.04,65,20,11.65
210,Mutuali,MZ,2023-07-28 21:33:58,-14.8706,37.0044,63.64,54,8,4.45
211,Altai,MN,2023-07-28 21:33:58,46.3722,96.2583,68.16,21,100,6.73
212,Manokwari,ID,2023-07-28 21:33:58,-0.8667,134.0833,79.11,77,91,2.98
213,Saldanha,ZA,2023-07-28 21:33:58,-33.0117,17.9442,50.05,89,100,21.61
214,Zagarolo,IT,2023-07-28 21:33:58,41.8431,12.8105,73.11,63,0,3.0
215,Utrik,MH,2023-07-28 21:33:58,11.2278,169.8474,82.92,80,100,20.92
216,Puerto Armuelles,PA,2023-07-28 21:33:25,8.2833,-82.8667,87.78,70,65,3.0
217,Tabou,CI,2023-07-28 21:33:59,4.423,-7.3528,76.03,91,76,9.1
218,Rubtsovsk,RU,2023-07-28 21:33:59,51.5,81.25,58.66,96,79,7.02
219,Afaahiti,PF,2023-07-28 21:33:59,-17.75,-149.2833,71.47,87,86,19.6
220,Udachny,RU,2023-07-28 21:33:59,66.4167,112.4,59.45,62,9,1.83
221,Zaysan,KZ,2023-07-28 21:33:59,47.4667,84.8667,59.79,80,4,5.79
222,Nynashamn,SE,2023-07-28 21:34:00,58.9034,17.9479,55.11,86,20,6.76
223,Ugoofaaru,MV,2023-07-28 21:34:00,5.6667,73.0,82.92,75,29,10.31
224,Yelwa,NG,2023-07-28 21:34:00,8.8333,9.6333,73.71,97,97,4.03
225,Wernigerode,DE,2023-07-28 21:34:00,51.8333,10.7833,63.19,93,90,4.41
226,Ingeniero Guillermo N. Juarez,AR,2023-07-28 21:34:00,-23.9,-61.85,66.96,50,0,6.4
227,Dudinka,RU,2023-07-28 21:34:00,69.4058,86.1778,65.62,75,92,6.64
228,Mont-Dore,NC,2023-07-28 21:34:00,-22.2833,166.5833,69.01,99,100,8.12
229,Mondlo,ZA,2023-07-28 21:34:01,-27.983,30.7177,55.06,57,6,4.36
230,Victorica,AR,2023-07-28 21:34:01,-36.2151,-65.4359,57.33,41,99,13.76
231,Vorgashor,RU,2023-07-28 21:34:01,67.5833,63.95,48.63,94,85,10.09
232,Mwene-Ditu,CD,2023-07-28 21:34:01,-7.0,23.45,72.37,28,32,3.74
233,Swidwin,PL,2023-07-28 21:34:01,53.7746,15.7767,58.96,91,2,2.04
234,Touros,BR,2023-07-28 21:30:25,-5.1989,-35.4608,76.93,77,44,15.35
235,Ta`U,AS,2023-07-28 21:34:02,-14.2336,-169.5144,79.29,76,100,19.95
236,Auki,SB,2023-07-28 21:34:02,-8.7676,160.7034,75.81,95,100,5.7
237,Villa Gesell,AR,2023-07-28 21:34:02,-37.2639,-56.973,45.05,83,69,10.09
238,Atafu Village,TK,2023-07-28 21:34:02,-8.5421,-172.5159,83.95,71,79,16.73
239,Zaozersk,RU,2023-07-28 21:34:03,69.4005,32.4476,56.46,82,100,5.03
240,Santa Terezinha,BR,2023-07-28 21:34:03,-29.9002,-50.0904,54.09,78,48,12.86
241,Friendswood,US,2023-07-28 21:34:03,29.5294,-95.201,99.14,56,0,13.8
242,Shimoda,JP,2023-07-28 21:35:04,34.6667,138.95,83.1,73,19,5.06
243,Motueka,NZ,2023-07-28 21:35:05,-41.1333,173.0167,41.09,59,97,2.51
244,Keflavik,IS,2023-07-28 21:35:05,64.0049,-22.5624,58.91,71,75,13.8
245,Quimili,AR,2023-07-28 21:35:05,-27.6333,-62.4167,62.26,40,0,7.43
246,Kamyshevatskaya,RU,2023-07-28 21:35:05,46.4132,37.9563,68.68,74,81,27.34
247,Mil'Kovo,RU,2023-07-28 21:35:05,55.6078,37.7956,62.74,93,99,8.28
248,Mpongwe,ZM,2023-07-28 21:35:06,-13.5091,28.155,58.3,52,3,5.08
249,Hafar Al-Batin,SA,2023-07-28 21:35:06,28.4328,45.9708,99.18,9,0,6.91
250,Calvinia,ZA,2023-07-28 21:35:06,-31.4707,19.776,43.79,92,39,5.1
251,Illizi,DZ,2023-07-28 21:35:06,26.4833,8.4667,96.6,11,5,5.68
252,Alofi,NU,2023-07-28 21:35:06,-19.0595,-169.9187,73.29,88,100,6.91
253,Richland,US,2023-07-28 21:35:07,40.7834,-82.5499,82.85,74,0,11.5
254,Kruisfontein,ZA,2023-07-28 21:35:07,-34.0033,24.7314,53.89,72,96,5.82
255,Saint-Joseph,RE,2023-07-28 21:35:07,-21.3667,55.6167,62.98,69,17,9.22
256,Ust'-Abakan,RU,2023-07-28 21:35:07,53.8525,91.3742,67.91,77,0,8.95
257,Kourou,GF,2023-07-28 21:35:08,5.1552,-52.6478,82.45,85,47,9.31
258,I-N-Salah,DZ,2023-07-28 21:35:08,27.1935,2.4607,100.24,7,5,7.81
259,Tual,ID,2023-07-28 21:35:08,-5.6667,132.75,79.07,84,99,23.6
260,Chibougamau,CA,2023-07-28 21:35:08,49.9168,-74.3659,59.58,63,74,13.67
261,Beacon Square,US,2023-07-28 21:35:08,28.2086,-82.7554,93.24,64,68,5.01
262,Udaipur,IN,2023-07-28 21:35:09,24.5712,73.6918,74.46,92,94,14.97
263,Crane,US,2023-07-28 21:35:09,31.3974,-102.3501,97.68,21,87,14.76
264,Sur,OM,2023-07-28 21:35:09,22.5667,59.5289,87.35,65,90,7.9
265,Cascais,PT,2023-07-28 21:33:24,38.6979,-9.4215,74.12,81,20,14.0
266,Mhamid,MA,2023-07-28 21:35:09,29.82,-5.72,99.66,9,2,9.22
267,Fortuna,US,2023-07-28 21:35:09,40.5982,-124.1573,69.93,71,0,14.97
268,Port Isabel,US,2023-07-28 21:35:10,26.0734,-97.2086,91.47,54,0,16.11
269,Vilyuysk,RU,2023-07-28 21:35:10,63.7553,121.6247,62.76,59,0,4.25
270,Weno,FM,2023-07-28 21:35:10,7.4515,151.8468,78.75,94,100,6.91
271,New Kingman-Butler,US,2023-07-28 21:35:10,35.265,-114.0323,107.83,11,0,23.02
272,Mahoba,IN,2023-07-28 21:35:10,25.2833,79.8667,84.81,72,100,11.27
273,Northam,GB,2023-07-28 21:35:10,51.0333,-4.2167,61.66,92,100,13.24
274,Ornskoldsvik,SE,2023-07-28 21:35:11,63.2909,18.7153,56.35,100,100,4.61
275,Esik,KZ,2023-07-28 21:35:11,43.3552,77.4525,62.02,59,1,6.31
276,Talakan,RU,2023-07-28 21:35:11,50.3167,130.3667,68.79,91,81,5.35
277,Atar,MR,2023-07-28 21:35:11,20.5169,-13.0499,101.17,14,82,4.41
278,Tchintabaraden,NE,2023-07-28 21:35:11,15.8969,5.7985,95.61,31,66,6.04
279,Axim,GH,2023-07-28 21:35:11,4.8699,-2.2405,76.05,89,100,8.05
280,Makoua,CG,2023-07-28 21:35:12,0.0069,15.6333,76.44,70,34,3.62
281,Asau,RO,2023-07-28 21:35:12,46.4333,26.4,65.32,70,34,6.04
282,Iskateley,RU,2023-07-28 21:35:12,67.6803,53.1512,51.15,93,17,3.69
283,Kangal,TR,2023-07-28 21:35:12,39.2335,37.3911,55.02,81,0,4.16
284,Luohe,CN,2023-07-28 21:35:13,33.5717,114.0353,76.53,97,99,8.43
285,Suwayr,SA,2023-07-28 21:35:13,30.1171,40.3893,90.54,8,0,15.41
286,Ascension,US,2023-07-28 21:35:13,30.2169,-90.9001,98.28,43,0,4.61
287,Larache,MA,2023-07-28 21:34:34,35.1932,-6.1557,71.94,81,0,7.4
288,Usinsk,RU,2023-07-28 21:35:13,65.9939,57.5281,55.54,78,24,6.04
289,Niquelandia,BR,2023-07-28 21:34:23,-14.4739,-48.4597,82.42,28,65,2.55
290,Arraial Do Cabo,BR,2023-07-28 21:35:13,-22.9661,-42.0278,73.26,83,0,11.5
291,Jember,ID,2023-07-28 21:35:14,-8.166,113.7032,67.01,92,57,0.85
292,Nantucket,US,2023-07-28 21:36:14,41.2835,-70.0995,86.05,75,0,16.31
293,Fortaleza,BR,2023-07-28 21:32:55,-3.7227,-38.5247,81.21,83,40,11.5
294,Sisimiut,GL,2023-07-28 21:36:14,66.9395,-53.6735,44.6,81,65,2.59
295,Tommot,RU,2023-07-28 21:36:14,58.9564,126.2925,62.62,72,47,3.2
296,Sitka,US,2023-07-28 21:36:16,57.0531,-135.33,69.69,64,0,6.91
297,Dryden,CA,2023-07-28 21:36:16,49.7833,-92.7503,64.69,63,100,4.61
298,Newman,US,2023-07-28 21:36:17,37.3138,-121.0208,97.14,9,0,3.38
299,Ajdabiya,LY,2023-07-28 21:36:18,30.7554,20.2263,80.11,58,0,12.8
300,Santa Cruz,BO,2023-07-28 21:32:16,-17.8,-63.1667,71.65,56,40,16.11
301,Cambria,US,2023-07-28 21:36:18,35.5641,-121.0808,104.56,48,11,13.6
302,West Island,CC,2023-07-28 21:36:18,-12.1568,96.8225,76.98,78,75,18.41
303,Tucupita,VE,2023-07-28 21:36:19,9.0622,-62.051,85.06,69,80,7.45
304,Port Moresby,PG,2023-07-28 21:32:08,-9.4431,147.1797,74.62,88,40,11.5
305,Rodolfo Sanchez Taboada,MX,2023-07-28 21:36:19,31.7167,-116.5667,76.1,69,79,4.0
306,Visby,SE,2023-07-28 21:36:19,57.6409,18.296,62.82,72,10,5.75
307,Viedma,AR,2023-07-28 21:36:19,-40.8135,-62.9967,50.45,57,97,19.24
308,Jamestown,US,2023-07-28 21:36:20,42.097,-79.2353,83.52,68,0,5.75
309,Baymak,RU,2023-07-28 21:36:20,52.5933,58.3225,63.95,70,1,5.82
310,Russkaya Polyana,UA,2023-07-28 21:36:20,49.417,31.9201,59.0,63,0,6.15
311,Inhambane,MZ,2023-07-28 21:36:20,-23.865,35.3833,65.91,77,0,7.61
312,Tamandare,BR,2023-07-28 21:36:20,-8.7597,-35.1047,74.62,80,11,7.2
313,Mirny,RU,2023-07-28 21:36:21,62.5353,113.9611,60.96,78,79,5.12
314,Tromso,NO,2023-07-28 21:34:58,69.6496,18.957,50.38,87,20,10.36
315,Saint-Flour,FR,2023-07-28 21:36:21,45.0833,3.0,61.88,79,76,2.91
316,Cockburn Town,TC,2023-07-28 21:32:45,21.4612,-71.1419,85.96,70,40,11.5
317,Cuatro Cienegas De Carranza,MX,2023-07-28 21:36:21,26.9833,-102.0833,95.58,19,1,16.58
318,Fale Old Settlement,TK,2023-07-28 21:36:21,-9.3852,-171.2468,83.71,72,100,15.23
319,Mweka,CD,2023-07-28 21:36:22,-4.85,21.5667,72.72,34,33,0.74
320,Cozumel,MX,2023-07-28 21:33:56,20.5083,-86.9458,89.67,81,75,8.05
321,Rio Grande,BR,2023-07-28 21:36:22,-32.035,-52.0986,53.71,74,92,12.08
322,Lompoc,US,2023-07-28 21:35:51,34.6391,-120.4579,96.01,60,20,10.36
323,Ixtapa,MX,2023-07-28 21:33:04,20.7,-105.2,93.22,62,20,11.5
324,Labytnangi,RU,2023-07-28 21:36:23,66.6572,66.4183,59.61,90,63,6.13
325,Kalevala,RU,2023-07-28 21:36:23,65.2,31.1667,56.17,96,100,14.83
326,Natitingou,BJ,2023-07-28 21:36:23,10.3042,1.3796,73.65,91,100,2.71
327,Al Jawf,SA,2023-07-28 21:36:23,29.5,38.75,84.99,14,0,3.96
328,Changde,CN,2023-07-28 21:36:23,29.0464,111.6783,76.15,92,52,3.62
329,Aasiaat,GL,2023-07-28 21:36:24,68.7098,-52.8699,37.63,93,64,8.88
330,Genthin,DE,2023-07-28 21:36:24,52.4,12.1667,67.24,94,44,4.03
331,Bonthe,SL,2023-07-28 21:36:24,7.5264,-12.505,75.88,94,100,9.62
332,Bandarbeyla,SO,2023-07-28 21:36:24,9.4942,50.8122,76.39,79,100,29.28
333,Mangai,CD,2023-07-28 21:36:24,-4.05,19.5333,74.44,33,12,0.11
334,Cidade Velha,CV,2023-07-28 21:36:24,14.9167,-23.6167,81.07,69,40,13.8
335,Czarna Bialostocka,PL,2023-07-28 21:36:25,53.3051,23.2815,60.82,92,99,6.53
336,Revda,RU,2023-07-28 21:36:25,56.801,59.9303,57.25,95,9,3.87
337,Ibotirama,BR,2023-07-28 21:35:27,-12.1853,-43.2206,79.23,53,86,9.26
338,Lesnoy,RU,2023-07-28 21:37:25,57.6198,63.0784,58.19,96,19,7.0
339,Porto Torres,IT,2023-07-28 21:37:27,40.835,8.3972,71.78,72,0,5.59
340,Muhos,FI,2023-07-28 21:37:27,64.808,25.9931,60.76,92,100,13.11
341,Kamaishi,JP,2023-07-28 21:37:27,39.2667,141.8833,79.38,71,0,3.09
342,Eyl,SO,2023-07-28 21:37:27,7.9803,49.8164,79.36,67,96,24.05
343,Juneau,US,2023-07-28 21:37:28,58.3019,-134.4197,72.1,100,0,11.5
344,Kilindoni,TZ,2023-07-28 21:37:28,-7.9139,39.6668,75.85,79,0,12.08
345,Prineville,US,2023-07-28 21:33:18,44.2999,-120.8345,87.91,27,0,5.75
346,Namsos,NO,2023-07-28 21:37:28,64.4662,11.4957,55.45,94,40,4.61
347,As Saffaniyah,SA,2023-07-28 21:37:28,27.9708,48.73,95.65,24,6,11.77
348,Kapuskasing,CA,2023-07-28 21:35:12,49.4169,-82.4331,64.49,59,75,12.66
349,Acarau,BR,2023-07-28 21:37:29,-2.8856,-40.12,79.34,77,16,17.31
350,Altay,CN,2023-07-28 21:37:29,47.8667,88.1167,60.75,78,97,0.81
351,Kerikeri,NZ,2023-07-28 21:37:29,-35.2268,173.9474,46.9,94,97,1.01
352,Ebon,MH,2023-07-28 21:37:29,4.582,168.6964,83.88,76,86,12.37
353,Hue,VN,2023-07-28 21:36:14,16.4667,107.6,84.31,74,40,2.3
354,Saint-Pierre,RE,2023-07-28 21:37:29,-21.3393,55.4781,64.08,63,0,8.05
355,Tianpeng,CN,2023-07-28 21:37:30,30.9866,103.9393,77.47,91,56,3.09
356,Yeed,SO,2023-07-28 21:37:30,4.55,43.0333,78.15,56,54,21.59
357,Codrington,AU,2023-07-28 21:37:30,-38.2667,141.9667,49.71,96,30,14.5
358,Carnarvon,AU,2023-07-28 21:37:30,-24.8667,113.6333,57.58,79,0,14.09
359,Lorengau,PG,2023-07-28 21:37:30,-2.0226,147.2712,83.1,75,86,6.49
360,Tuy Hoa,VN,2023-07-28 21:37:30,13.0833,109.3,81.12,75,97,12.97
361,Hasaki,JP,2023-07-28 21:37:31,35.7333,140.8333,82.31,83,3,9.46
362,Tshabong,BW,2023-07-28 21:37:31,-26.05,22.45,70.21,25,96,23.24
363,Sinabang,ID,2023-07-28 21:37:31,2.4803,96.3801,79.14,80,82,1.48
364,Gusinoozyorsk,RU,2023-07-28 21:37:31,51.2833,106.5,62.58,67,44,2.62
365,New Norfolk,AU,2023-07-28 21:37:31,-42.7826,147.0587,55.92,78,100,2.89
366,Katsuura,JP,2023-07-28 21:37:31,35.1333,140.3,80.1,83,8,9.01
367,Borova,UA,2023-07-28 21:37:32,50.1763,30.1043,66.25,60,82,6.76
368,Tilaran,CR,2023-07-28 21:37:32,10.4703,-84.9671,76.62,83,89,7.36
369,Mugia,ES,2023-07-28 21:37:32,43.1041,-9.2179,69.91,97,57,11.39
370,North Bend,US,2023-07-28 21:37:32,43.4065,-124.2243,76.24,63,0,19.57
371,Terbanggi Besar,ID,2023-07-28 21:37:32,-4.8667,105.2333,73.71,91,98,5.17
372,Reyes,BO,2023-07-28 21:37:32,-14.3167,-67.3833,74.59,79,92,3.96
373,Tenkodogo,BF,2023-07-28 21:37:33,11.78,-0.3697,78.37,80,100,6.8
374,Sabang,ID,2023-07-28 21:37:33,5.8933,95.3214,82.33,76,100,22.3
375,Kone,NC,2023-07-28 21:37:33,-21.0595,164.8658,69.78,53,97,5.84
376,Ephraim,US,2023-07-28 21:37:33,39.3597,-111.5863,96.26,14,43,13.96
377,Sirte,LY,2023-07-28 21:37:33,31.2089,16.5887,80.49,70,0,9.57
378,Talcahuano,CL,2023-07-28 21:37:34,-36.7167,-73.1167,56.88,82,0,6.91
379,Male,MV,2023-07-28 21:37:34,4.1748,73.5089,84.15,84,75,8.05
380,Vila Do Maio,CV,2023-07-28 21:37:34,15.1333,-23.2167,81.39,76,93,17.78
381,Cherryville,IE,2023-07-28 21:37:34,53.1569,-6.9667,60.55,88,100,11.18
382,Pimentel,PE,2023-07-28 21:37:34,-6.8367,-79.9342,79.09,61,0,19.57
383,Bardai,NG,2023-07-28 21:37:34,11.65,7.2333,73.58,83,95,5.32
384,Alaghsas,NE,2023-07-28 21:37:35,17.0187,8.0168,94.15,28,95,4.0
385,Chonchi,CL,2023-07-28 21:37:35,-42.6128,-73.8092,54.12,93,100,11.18
386,Moroni,KM,2023-07-28 21:37:35,-11.7022,43.2551,73.4,60,20,6.91
387,Jucuapa,SV,2023-07-28 21:38:35,13.5167,-88.3833,88.61,71,92,4.09
388,San Patricio,US,2023-07-28 21:38:35,28.017,-97.5169,99.32,40,15,19.82
389,Hexham,GB,2023-07-28 21:38:35,54.9699,-2.104,62.98,78,100,7.61
390,Camocim,BR,2023-07-28 21:38:36,-2.9022,-40.8411,81.01,69,30,17.45
391,Ambo,PE,2023-07-28 21:38:36,-10.1308,-76.2047,69.42,57,67,10.36
392,Apolinario Saravia,AR,2023-07-28 21:38:36,-24.4328,-63.9954,64.69,46,0,4.54
393,Kidal,ML,2023-07-28 21:38:37,18.4411,1.4078,96.93,21,84,9.01
394,Geraldton,AU,2023-07-28 21:38:37,-28.7667,114.6,50.41,87,40,10.36
395,Nouadhibou,MR,2023-07-28 21:38:37,20.931,-17.0347,69.62,82,19,25.64
396,Kalmunai,LK,2023-07-28 21:38:37,7.4167,81.8167,80.29,73,98,2.46
397,Tenenkou,ML,2023-07-28 21:38:37,14.4572,-4.9169,88.5,51,100,17.81
398,Ambon,ID,2023-07-28 21:38:37,-3.6954,128.1814,79.88,95,40,3.44
399,Bowen,AU,2023-07-28 21:38:38,-20.0167,148.2333,66.0,78,94,11.3
400,Fuyang,CN,2023-07-28 21:38:38,32.9,115.8167,76.77,96,100,12.24
401,Adoru,NG,2023-07-28 21:38:38,6.9766,7.1627,73.42,99,100,7.49
402,Tsetserleg,MN,2023-07-28 21:38:38,47.475,101.4542,54.03,81,15,4.63
403,Kenora,CA,2023-07-28 21:38:38,49.8167,-94.4337,65.37,68,75,3.44
404,Palopo,ID,2023-07-28 21:38:39,-2.9996,120.1921,74.59,82,95,2.33
405,Cole Harbour,CA,2023-07-28 21:38:39,44.6724,-63.4751,83.59,74,13,11.5
406,Praia,CV,2023-07-28 21:38:39,14.9215,-23.5087,81.14,69,40,13.8
407,Aboisso,CI,2023-07-28 21:38:39,5.4678,-3.2071,75.16,93,100,3.36
408,Callao,PE,2023-07-28 21:38:39,-12.0667,-77.15,71.89,68,75,13.8
409,Ahmadpur East,PK,2023-07-28 21:38:40,29.1431,71.2598,93.29,54,55,7.74
410,Hammerfest,NO,2023-07-28 21:38:40,70.6634,23.6821,50.45,87,75,6.91
411,Puerto Ayacucho,VE,2023-07-28 21:38:40,5.6639,-67.6236,81.99,81,70,4.29
412,Maceio,BR,2023-07-28 21:38:40,-9.6658,-35.7353,78.24,78,0,5.75
413,La Ronge,CA,2023-07-28 21:38:40,55.1001,-105.2842,68.25,45,75,8.05
414,Chilliwack,CA,2023-07-28 21:38:40,49.1747,-121.9443,84.16,49,70,7.0
415,Saint-Philippe,RE,2023-07-28 21:38:40,-21.3585,55.7679,63.99,69,35,8.81
416,Quatre Cocos,MU,2023-07-28 21:38:41,-20.2078,57.7625,71.71,76,84,11.12
417,Kirensk,RU,2023-07-28 21:38:41,57.7853,108.1119,62.98,97,96,1.95
418,Punta Del Este,UY,2023-07-28 21:38:41,-34.9667,-54.95,48.87,77,75,4.61
419,Laguna,US,2023-07-28 21:38:41,38.421,-121.4238,97.54,31,0,6.91
420,Magadan,RU,2023-07-28 21:38:41,59.5667,150.8,57.2,61,100,5.41
421,Dubrovnik,HR,2023-07-28 21:38:41,42.6481,18.0922,71.24,60,0,3.44
422,Egilsstadir,IS,2023-07-28 21:38:42,65.2653,-14.3948,46.31,93,75,13.8
423,Vylkove,UA,2023-07-28 21:38:42,45.4021,29.586,66.72,71,20,11.5
424,Roma,US,2023-07-28 21:37:03,43.2128,-75.4557,89.91,57,0,10.36
425,San Juan Del Sur,NI,2023-07-28 21:38:42,11.2529,-85.8705,89.82,70,20,4.61
426,Chaihe,CN,2023-07-28 21:38:42,44.7667,129.7,68.23,95,100,3.06
427,Prieska,ZA,2023-07-28 21:38:42,-29.6641,22.7474,56.64,30,89,10.8
428,Karratha,AU,2023-07-28 21:38:42,-20.7377,116.8463,65.37,39,3,9.6
429,Vorkuta,RU,2023-07-28 21:38:43,67.5,64.0,49.12,93,91,10.02
430,Dalhart,US,2023-07-28 21:38:43,36.0595,-102.5133,100.42,18,0,13.8
431,Island Harbour,GB,2023-07-28 21:38:43,50.724,-1.2758,64.18,92,100,5.01
432,Salinopolis,BR,2023-07-28 21:36:44,-0.6136,-47.3561,79.66,85,92,12.17
433,Al Mishkhab,IQ,2023-07-28 21:38:43,31.8042,44.4911,98.71,14,0,10.85
434,Kingston,JM,2023-07-28 21:38:28,17.997,-76.7936,91.24,61,20,24.16
435,Tughyl,KZ,2023-07-28 21:38:44,47.7252,84.2063,63.64,80,0,9.42
436,Vernon,CA,2023-07-28 21:35:53,50.2581,-119.2691,89.76,20,26,4.61
437,Alta,NO,2023-07-28 21:39:44,69.9689,23.2717,52.86,83,20,10.0
438,Radziejow,PL,2023-07-28 21:39:44,52.6248,18.5277,61.92,94,12,6.06
439,Margate,GB,2023-07-28 21:39:44,51.3813,1.3862,62.87,82,100,5.99
440,Mili,MH,2023-07-28 21:39:45,6.0815,171.735,83.62,77,68,15.35
441,Leava,WF,2023-07-28 21:39:46,-14.3,-178.1667,78.6,82,100,18.25
442,Goundi,TD,2023-07-28 21:39:46,9.3627,17.366,74.61,83,95,0.43
443,St. John'S,CA,2023-07-28 21:36:49,47.5649,-52.7093,76.39,69,20,11.5
444,Zhezqazghan,KZ,2023-07-28 21:39:46,47.7833,67.7667,78.53,33,60,4.88
445,Rio Verde De Mato Grosso,BR,2023-07-28 21:39:47,-18.9181,-54.8442,81.07,37,99,8.01
446,Fougamou,GA,2023-07-28 21:39:47,-1.2154,10.5838,73.65,81,65,2.93
447,Tezu,IN,2023-07-28 21:39:47,27.9167,96.1667,75.24,98,98,2.13
448,Ushtobe,KZ,2023-07-28 21:39:47,45.2514,77.9838,70.39,53,0,7.54
449,Vila Franca Do Campo,PT,2023-07-28 21:39:47,37.7167,-25.4333,73.81,91,15,6.87
450,Orchard Homes,US,2023-07-28 21:39:48,46.8633,-114.0484,88.39,27,0,3.44
451,Ulladulla,AU,2023-07-28 21:39:48,-35.35,150.4667,54.81,79,1,6.2
452,Newnham,AU,2023-07-28 21:39:48,-41.3833,147.1333,52.75,93,100,9.22
453,Ghat,LY,2023-07-28 21:39:48,24.9647,10.1728,93.72,10,26,4.36
454,Springbok,ZA,2023-07-28 21:39:48,-29.6643,17.8865,43.11,95,99,14.45
455,Itajuipe,BR,2023-07-28 21:39:48,-14.6781,-39.375,75.99,98,50,1.25
456,Korla,CN,2023-07-28 21:39:49,41.7597,86.1469,84.99,26,94,10.71
457,Jiangyou,CN,2023-07-28 21:39:49,31.7667,104.7167,71.46,88,12,4.23
458,El Triunfo,EC,2023-07-28 21:39:49,-1.9333,-79.9667,84.24,51,95,3.22
459,Urangan,AU,2023-07-28 21:39:49,-25.3,152.9,63.43,79,88,6.35
460,Stung Treng,KH,2023-07-28 21:39:49,13.5259,105.9683,74.95,99,100,2.98
461,Villa La Angostura,AR,2023-07-28 21:39:49,-40.7617,-71.6463,40.41,99,100,7.54
462,Nuuk,GL,2023-07-28 21:39:50,64.1835,-51.7216,54.21,76,75,8.05
463,Hilo,US,2023-07-28 21:39:45,19.7297,-155.09,85.28,73,100,4.61
464,Semnan,IR,2023-07-28 21:39:50,35.5729,53.3971,85.08,26,5,8.28
465,Sarmiento,AR,2023-07-28 21:39:50,-45.5882,-69.07,54.91,64,99,31.81
466,Sahiwal,PK,2023-07-28 21:39:50,30.6667,73.1,87.51,66,44,4.76
467,Salym,RU,2023-07-28 21:39:50,60.0625,71.4789,59.92,97,100,2.91
468,Forster,AU,2023-07-28 21:39:51,-32.1667,152.5167,58.08,64,41,2.3
469,Yeppoon,AU,2023-07-28 21:39:51,-23.1333,150.7333,58.78,83,91,8.9
470,Letterkenny,IE,2023-07-28 21:39:51,54.95,-7.7333,54.73,89,88,8.32
471,Lata,PT,2023-07-28 21:39:51,40.1629,-8.3327,64.49,98,45,2.19
472,Hobyo,SO,2023-07-28 21:39:51,5.3505,48.5268,77.5,78,92,23.02
473,Merizo Village,GU,2023-07-28 21:39:51,13.2658,144.6691,81.99,96,86,8.63
474,Gornozavodsk,RU,2023-07-28 21:39:52,58.3758,58.3211,55.22,97,35,2.86
475,Rampur,IN,2023-07-28 21:39:52,28.8167,79.0333,78.04,95,100,7.36
476,Gurupi,BR,2023-07-28 21:35:19,-11.7292,-49.0686,83.53,28,0,5.7
477,Kostomuksha,RU,2023-07-28 21:39:52,64.571,30.5767,55.38,98,100,11.63
478,Borba,BR,2023-07-28 21:39:52,-4.3878,-59.5939,87.31,37,0,1.92
479,Tototlan,MX,2023-07-28 21:39:52,20.55,-102.8,66.34,79,51,9.13
480,Ndioum,SN,2023-07-28 21:39:53,16.5129,-14.6471,89.49,33,97,9.62
481,International Falls,US,2023-07-28 21:39:53,48.6011,-93.411,74.14,67,0,4.61
482,Piacabucu,BR,2023-07-28 21:39:53,-10.4056,-36.4344,74.14,77,5,7.94
483,Novyy Urgal,RU,2023-07-28 21:39:53,51.0736,132.5642,64.74,92,79,1.43
484,Dzilam Gonzalez,MX,2023-07-28 21:39:53,21.2833,-88.9333,87.85,64,46,11.07
485,Padang,ID,2023-07-28 21:40:53,-0.9492,100.3543,75.25,88,100,3.42
486,Pran Buri,TH,2023-07-28 21:40:53,12.3847,99.9098,81.01,74,98,9.73
487,Waldfischbach-Burgalben,DE,2023-07-28 21:40:54,49.2833,7.6667,65.55,95,40,3.44
488,Port Alberni,CA,2023-07-28 21:40:54,49.2413,-124.8028,81.93,43,69,8.01
489,Lazaro Cardenas,MX,2023-07-28 21:40:54,17.9583,-102.2,87.78,65,19,10.4
490,Port Augusta,AU,2023-07-28 21:40:54,-32.5,137.7667,48.31,88,0,1.59
491,Yoko,CM,2023-07-28 21:40:54,5.5333,12.3167,64.76,98,94,3.58
492,Lerwick,GB,2023-07-28 21:40:54,60.1545,-1.1494,57.2,97,83,13.82
493,Nsanje,MW,2023-07-28 21:40:55,-16.92,35.262,66.76,71,21,3.8
494,Isangel,VU,2023-07-28 21:37:47,-19.55,169.2667,70.25,58,100,12.84
495,Bafoulabe,ML,2023-07-28 21:40:55,13.8065,-10.8321,83.43,73,84,4.52
496,East Ballina,AU,2023-07-28 21:40:55,-28.8667,153.5833,53.8,71,7,4.34
497,Mezhdurechenskiy,RU,2023-07-28 21:40:55,59.6,65.9333,61.05,97,78,8.41
498,Cacapava Do Sul,BR,2023-07-28 21:40:55,-30.5122,-53.4914,45.86,87,23,4.7
499,Saynshand,MN,2023-07-28 21:40:56,44.8824,110.1163,77.88,38,18,5.03
500,Adam,OM,2023-07-28 21:40:56,22.3756,57.5233,86.81,56,76,7.72
501,Lydenburg,ZA,2023-07-28 21:40:56,-25.0978,30.4597,51.66,65,16,0.58
502,Naze,JP,2023-07-28 21:40:56,28.3667,129.4833,79.72,84,100,11.1
503,Ginir,ET,2023-07-28 21:40:56,7.1333,40.7,59.34,74,37,11.14
504,Moravsky Krumlov,CZ,2023-07-28 21:40:56,49.0489,16.3117,70.39,73,0,6.91
505,Pyin Oo Lwin,MM,2023-07-28 21:40:57,22.0333,96.4667,67.32,95,100,1.81
506,Harstad,NO,2023-07-28 21:40:57,68.799,16.5293,56.8,100,22,7.0
507,Ashkasham,AF,2023-07-28 21:40:58,36.6833,71.5333,53.15,60,62,4.88
508,Cold Springs,US,2023-07-28 21:40:58,39.6802,-119.9766,94.39,14,0,14.0
509,Gorom-Gorom,BF,2023-07-28 21:40:58,14.4439,-0.2361,80.24,64,99,13.94
510,Baardheere,SO,2023-07-28 21:40:58,2.3446,42.2764,75.81,69,24,16.91
511,Wewak,PG,2023-07-28 21:40:58,-3.5534,143.6268,78.94,83,89,5.64
512,Crawfordsville,US,2023-07-28 21:40:59,40.0411,-86.8745,92.3,58,25,13.8
513,Bairnsdale,AU,2023-07-28 21:40:59,-37.8333,147.6167,49.03,79,0,5.44
514,Dehri,IN,2023-07-28 21:40:59,24.8667,84.1833,88.63,62,91,4.83
515,Fisterra,ES,2023-07-28 21:38:18,42.9049,-9.2629,69.75,98,44,10.71
516,Karpenisi,GR,2023-07-28 21:40:59,38.9167,21.7833,59.02,79,0,1.01
517,Kununurra,AU,2023-07-28 21:41:00,-15.7667,128.7333,67.98,77,100,2.3
518,Peniche,PT,2023-07-28 21:41:00,39.3558,-9.3811,71.08,95,5,7.96
519,Kisangani,CD,2023-07-28 21:41:00,0.5167,25.2,77.4,71,63,2.59
520,Dzialoszyn,PL,2023-07-28 21:41:00,51.117,18.8652,61.75,94,7,6.89
521,Bujaru,BR,2023-07-28 21:41:00,-1.515,-48.0447,81.25,71,99,4.5
522,Ar Ruways,AE,2023-07-28 21:41:01,24.1103,52.7306,88.66,75,66,4.68
523,Sena Madureira,BR,2023-07-28 21:41:01,-9.0656,-68.6569,86.25,43,97,1.5
524,Conde,BR,2023-07-28 21:39:29,-7.2597,-34.9075,74.66,88,75,6.91
525,Willows,US,2023-07-28 21:41:01,39.5243,-122.1936,91.51,12,0,10.22
526,Staraya Kulatka,RU,2023-07-28 21:41:02,52.7167,47.6167,74.35,56,94,6.78
527,Greymouth,NZ,2023-07-28 21:41:02,-42.4667,171.2,43.39,77,100,5.08
528,Mount Pearl,CA,2023-07-28 21:41:02,47.5166,-52.7813,75.54,69,20,11.5
529,Banda Aceh,ID,2023-07-28 21:41:02,5.5577,95.3222,78.96,76,100,14.14
530,Tavda,RU,2023-07-28 21:41:02,58.0425,65.2726,60.87,93,59,7.76
531,Buriti Alegre,BR,2023-07-28 21:42:02,-18.14,-49.0403,72.34,37,92,1.19
532,Bichura,RU,2023-07-28 21:42:03,50.5881,107.6022,62.2,68,70,2.84
533,Luziania,BR,2023-07-28 21:42:03,-16.2525,-47.9503,80.29,37,53,3.49
534,Isyangulovo,RU,2023-07-28 21:42:03,52.1909,52.1909,77.32,49,24,7.92
535,Namibe,AO,2023-07-28 21:42:03,-15.1961,12.1522,59.63,79,10,10.09
536,Sao Vicente,BR,2023-07-28 21:37:20,-23.9631,-46.3919,77.18,59,100,1.14
537,Poxoreo,BR,2023-07-28 21:42:03,-15.8372,-54.3892,79.9,25,86,2.77
538,Pandan,PH,2023-07-28 21:42:04,14.0453,124.1694,81.1,82,100,10.67
539,Nishinoomote,JP,2023-07-28 21:42:04,30.7333,131.0,81.75,76,100,12.93
540,Turpan,CN,2023-07-28 21:42:04,42.9333,89.1667,94.82,23,97,6.46
541,Ouargla,DZ,2023-07-28 21:42:04,31.9493,5.325,102.27,6,0,4.61
542,Borgarnes,IS,2023-07-28 21:42:04,64.5383,-21.9206,59.05,85,41,11.39
543,Buenavista Del Norte,ES,2023-07-28 21:42:04,28.3746,-16.861,75.65,72,29,13.96
544,Gwadar,PK,2023-07-28 21:42:05,25.1216,62.3254,81.61,81,74,8.63
545,Suklayin,PH,2023-07-28 21:42:05,15.7574,121.5503,77.7,91,100,6.71
546,Yessentuki,RU,2023-07-28 21:42:05,44.0444,42.8606,55.49,94,2,1.05
547,Spring Creek,US,2023-07-28 21:40:55,40.7266,-115.5859,90.39,10,0,10.49
548,Eirunepe,BR,2023-07-28 21:42:06,-6.6603,-69.8736,88.16,46,91,2.15
549,Nuku'Alofa,TO,2023-07-28 21:42:06,-21.1333,-175.2,71.94,56,20,5.75
550,La Gi,VN,2023-07-28 21:42:07,10.6667,107.7833,77.86,93,100,10.18
551,Macapa,BR,2023-07-28 21:42:07,0.0389,-51.0664,87.78,74,20,11.5
552,Fangshan,CN,2023-07-28 21:42:07,39.6983,115.9925,78.6,73,100,4.41
553,Chechat,IN,2023-07-28 21:42:08,24.7667,75.8833,78.96,86,98,15.55
554,Zhongshu,CN,2023-07-28 21:42:08,24.5167,103.7667,62.31,95,37,4.36
555,Pasuquin,PH,2023-07-28 21:42:08,18.3328,120.6177,76.95,94,75,3.44
556,Olyokminsk,RU,2023-07-28 21:42:08,60.3736,120.4264,68.58,80,84,3.89
557,Aguas Belas,BR,2023-07-28 21:42:09,-9.1114,-37.1231,69.6,85,17,8.14
558,Muromtsevo,RU,2023-07-28 21:42:09,56.3724,75.2418,61.16,98,100,8.88
559,Pont Rouge,CA,2023-07-28 21:42:09,48.8833,-72.0825,75.31,67,36,15.7
560,Quelimane,MZ,2023-07-28 21:42:09,-17.8786,36.8883,69.75,88,20,4.61
561,El Bayadh,DZ,2023-07-28 21:42:09,33.6832,1.0193,87.44,13,85,1.12
562,Santa Luzia,BR,2023-07-28 21:38:14,-19.7697,-43.8514,74.3,53,20,5.75
563,Gaspe,CA,2023-07-28 21:42:10,48.8334,-64.4819,68.22,83,100,6.91
564,Walvis Bay,NA,2023-07-28 21:42:10,-22.9575,14.5053,54.09,87,0,5.75
565,Ciudad Acuna,MX,2023-07-28 21:42:10,29.3232,-100.9522,104.41,25,40,8.05
566,Lilongwe,MW,2023-07-28 21:39:25,-13.9669,33.7873,63.14,56,5,3.62
567,Ocean Shores,US,2023-07-28 21:42:10,46.9737,-124.1563,71.96,74,0,16.11
568,Lodja,CD,2023-07-28 21:42:10,-3.4833,23.4333,74.93,39,5,0.4
569,Acajutla,SV,2023-07-28 21:42:10,13.5928,-89.8275,86.31,69,65,8.99
570,Ivins,US,2023-07-28 21:42:11,37.1686,-113.6794,106.92,13,18,7.0
571,Aripuana,BR,2023-07-28 21:42:11,-9.1667,-60.6333,83.79,36,1,2.77
572,Al Kharj,SA,2023-07-28 21:42:11,24.155,47.3346,97.38,12,99,5.01
573,Nogliki,RU,2023-07-28 21:42:11,51.8333,143.1667,53.56,97,100,10.76
574,Pitimbu,BR,2023-07-28 21:42:11,-7.4706,-34.8086,75.79,82,26,11.48
575,Ma'Rib,YE,2023-07-28 21:42:11,15.4591,45.3253,87.24,31,99,5.35
576,Iquique,CL,2023-07-28 21:40:48,-20.2208,-70.1431,66.24,80,6,6.51
577,San Antonio De Pale,GQ,2023-07-28 21:42:12,-1.4014,5.6325,73.44,84,100,14.2
578,Acolla,PE,2023-07-28 21:42:12,-11.7319,-75.5463,55.63,53,57,9.19
579,Corn Island,NI,2023-07-28 21:42:12,12.1694,-83.0418,81.75,84,100,16.17
580,Plastun,RU,2023-07-28 21:43:12,44.7561,136.2939,77.72,76,100,3.09
581,Tadmur,SY,2023-07-28 21:43:12,34.5608,38.2805,84.78,26,0,15.01
582,Rawson,AR,2023-07-28 21:43:13,-43.3002,-65.1023,56.93,53,100,24.94
583,Pacific Grove,US,2023-07-28 21:39:15,36.6177,-121.9166,86.38,74,0,10.0
584,Pallasovka,RU,2023-07-28 21:43:13,50.05,46.8833,71.58,74,90,10.2
585,Copala,MX,2023-07-28 21:43:13,16.65,-98.9833,89.85,59,62,8.39
586,Miquelon,PM,2023-07-28 21:43:13,47.0975,-56.3814,69.8,76,7,16.73
587,Nurota,UZ,2023-07-28 21:43:13,40.5614,65.6886,80.6,27,0,8.32
588,Shiyan,CN,2023-07-28 21:43:13,32.6475,110.7781,74.21,93,80,3.67
589,Whitecourt,CA,2023-07-28 21:43:14,54.1502,-115.6855,61.84,63,75,9.22
590,Chernomorskoye,UA,2023-07-28 21:43:14,45.5039,32.6997,72.43,73,19,16.67
591,Ust'-Uda,RU,2023-07-28 21:43:14,54.1742,103.0304,61.57,85,63,3.51
